{
  "size": [23.7, 9],
  "transformation": {
    "reverseMatrix": [[0.019262642286694574, -0.006097138875060193, 2.247955750555384], [0.00015868164934881648, 0.02515985706897363, -14.931061639005126], [2.7497184722394256e-05, -0.0003442799296535519, 1.3220064511819536]], 
    "matrix": [[51.71306660578673, 13.39954036872848, 63.40413668144369], [-1.1407726603269204, 46.71572292316727, 529.5584936914945], [-0.0013726929052777156, 0.011887110044689078, 0.8930160095977985]] 
  },
  "keys": [
    [1.7052886685828308, 1.177193152474725, 1.2, 1.2], [3.304227903498798, 1.3498031621364215, 1.2, 1.2], [4.9610732978257888, 1.383467447155998, 1.2, 1.2], [6.6213832712560432, 1.3477477521107877, 1.2, 1.2], [8.245926136834111, 1.3811378447273457, 1.2, 1.2], [2.7443464901404626, 2.9590096296130821, 1.2, 1.2], [4.4034319490545766, 2.9898643475588766, 1.2, 1.2], [6.0242153761293089, 2.9963392303289149, 1.2, 1.2], [7.675628469263299, 2.9788808654707606, 1.2, 1.2], [9.35298197400577, 2.9616575465364816, 1.2, 1.2], [10.984465454851971, 2.9682884283761086, 1.2, 1.2], [12.661545855817867, 2.9512518574040056, 1.2, 1.2], [9.8613735876422677, 1.2766148283339147, 1.2, 1.2], [11.520567285337284, 1.3102815009486755, 1.2, 1.2], [13.223324083221172, 1.3441325042512742, 1.2, 1.2], [14.820804668910412, 1.3088860449576698, 1.2, 1.2], [16.474449244974071, 1.3423521757665515, 1.2, 1.2], [18.137603985824228, 1.3531191854168003, 1.2, 1.2], [19.726029402611282, 1.3408045387073539, 1.2, 1.2], [14.312314778149366, 2.9342376407250979, 1.2, 1.2], [15.954159977361035, 2.9173153994624279, 1.2, 1.2], [17.553126256963385, 2.9476340459686705, 1.2, 1.2], [19.195871224831333, 2.9544245913136438, 1.2, 1.2], [20.881170332415188, 2.96139104090487, 1.2, 1.2], [22.541423900842251, 2.9682539608109257, 1.2, 1.2], [3.6401461748136388, 4.5673360610420213, 1.2, 1.2], [5.253440137854934, 4.6204335362140236, 1.2, 1.2], [6.8788314706225222, 4.5478561435343137, 1.2, 1.2], [8.5677689362415919, 4.6008736427317292, 1.2, 1.2], [10.16923612730235, 4.5786114739001444, 1.2, 1.2], [11.86807883728752, 4.5566526677746317, 1.2, 1.2], [13.537306400874986, 4.5844279633567249, 1.2, 1.2], [15.09718962975143, 4.5375857400525081, 1.2, 1.2], [16.768988452152303, 4.5405936735204735, 1.2, 1.2], [18.345799014796075, 4.4941920199293763, 1.2, 1.2], [20.0568019568721, 4.6449270098136948, 1.2, 1.2], [4.4837194457089691, 6.212963666516548, 1.2, 1.2], [6.0797612987060061, 6.2119498571060694, 1.2, 1.2], [7.7413711304100117, 6.210894398766575, 1.2, 1.2], [9.3923168491265301, 6.2358928870196326, 1.2, 1.2], [11.027186036383041, 6.1568866802800981, 1.2, 1.2], [12.660874461142106, 6.2077695190760949, 1.2, 1.2], [14.331327979166831, 6.1034319095727909, 1.2, 1.2], [15.896571484923001, 6.1799288906536125, 1.2, 1.2], [17.599520290852595, 6.204632480026782, 1.2, 1.2], [19.223651911225197, 6.1779408289701045, 1.2, 1.2], [20.822513252757524, 6.1769854463033038, 1.2, 1.2], [22.52010117759227, 6.2015069158702811, 1.2, 1.2], [0.062565925669238298, 7.8306234746534864, 1.2, 1.2], [1.7109409517724739, 7.8257762815470082, 1.2, 1.2], [3.380072175940676, 7.7662670573754111, 1.2, 1.2], [5.0321519559483354, 7.870553719293464, 1.2, 1.2], [6.6396730970089148, 7.8657005926150978, 1.2, 1.2], [14.295872258210359, 7.7887691737541429, 1.2, 1.2], [15.96698608258189, 7.8644110919504593, 1.2, 1.2], [17.615319338776221, 7.8325649776439192, 1.2, 1.2], [19.20122556079647, 7.8277771066798154, 1.2, 1.2], [20.871338337944323, 7.8761072442683817, 1.2, 1.2], [22.546939749112894, 7.8176763531837912, 1.2, 1.2], [0.032206930552239783, 2.9724017001234087, 1.2, 1.2], [0.047369712793877618, 4.6371878809707345, 1.2, 1.2], [0.067064010238996274, 6.189387645251319, 1.2, 1.2], [21.438639395147032, 1.3519485605024926, 1.2, 1.2], [21.723758787620259, 4.6476851375704085, 1.2, 1.2]
  ]
}
